ms_played,track_name,artist_name,album_name,track_uri
263623,"Tose Naina-Tum Jo Aaye (From ""T-Series Mixtape"")",Armaan Malik,"Tose Naina-Tum Jo Aaye (From ""T-Series Mixtape"")",4Ftlq5D5qLItzxFFHh0pSt
220605,Mera Mann Kehne Laga,Falak Shabbir,Nautanki Saala !,1niVgR76UPobOED5cXfADq
45097,Lambiya Judaiyan,Bilal Saeed,Lambiya Judaiyan,670jTy8jm0KkBJLXXTx1ds
951,"Raamam Raaghavam (From ""Rrr"")",Vijay Prakash,"Raamam Raaghavam (From ""Rrr"")",7npX9wE0nBzYaoj51D5HRy
151250,"Raghunandana (From ""HanuMan"") [Telugu]",GowraHari,"Raghunandana (From ""HanuMan"") [Telugu]",0YhKDLlKJOvQnztL7tXVx0
456790,Rangapura Vihara,Agam,Rangapura Vihara - Single,56H5p48Xeq6icOZxKLDe7o
190975,Shendur Laal Chadhayo (Aarti),Ravindra Sathe,Vaastav: The Reality,5sf6rDJBoVyFXmYgNQIBy3
325034,Mourya Re,Shankar Mahadevan,Don,5IvXCYI3LU2BvWtb7KqDrf
25930,"Tauba Tauba (From ""Bad Newz"")",Karan Aujla,"Tauba Tauba (From ""Bad Newz"")",16kiQQ4BoLHDyj5W2fkfNK
27350,Say Na Say Na,Aneela Mirza,Bluff Master,1pKiclTcbYKsqLd6LiBTp9
80070,Love Mera Hit Hit,Pritam,Billu,2VgbvKdaSOXWByBKYgBsEc
261770,It's the Time to Disco,Shankar-Ehsaan-Loy,Kal Ho Naa Ho (Original Motion Picture Soundtrack),3hCUkos0NxuSFl73oOHJzb
162980,Where's the Party Tonight,Shankar-Ehsaan-Loy,Kabhi Alvida Naa Kehna (Original Motion Picture Soundtrack),6ECucSdJeJmSm3k1k3Vumv
97150,Koi Kahe Kehta Rahe,Shankar Mahadevan,Dil Chahta Hai,5zKRKQwLVBT1WDJE7XJrnm
77820,Ankhiyon Se Goli Maare,Sonu Nigam,Dulhe Raja,783EHAzgJMIjwcATdfEFOI
57560,Muqabala Muqabala,Mano,Hum Se Hai Muqabala - Kadalan,0iG83qZ0ftWr43VggRYkp3
98250,Tamma Tamma Loge,Bappi Lahiri,Thanedaar,5HF9NzwuIWJqTVBjZ2Sgdg
77780,Le Gayi,Uttam Singh,Dil To Pagal Hai,2Hs659VSIWrtetYzclXVP6
51240,Kisi Disco Mein Jaaye,Alka Yagnik,Bade Miyan Chote Miyan,11uSCFBn6ng3O1LZNbIIwq
46560,Chamma Chamma Baaje Re,Alka Yagnik,China - Gate,3k8d95A0dZbvSgOm0axIhL
264728,"Tose Naina-Tum Jo Aaye (From ""T-Series Mixtape"")",Armaan Malik,"Tose Naina-Tum Jo Aaye (From ""T-Series Mixtape"")",4Ftlq5D5qLItzxFFHh0pSt
284145,Tu Jo Mila-Raabta,Shirley Setia,"Tu Jo Mila-Raabta (From ""T-Series Mixtape"")",3EgSgxtUGAyntCXoNu0ACk
153486,Tum Hi Ho-Rehnuma,Shreya Ghoshal,T-Series Mixtape Season 2,23vqIK7cx6OHoC43VwxvqM
234023,Kadharalz,Anirudh Ravichander,Indian 2,77OQsnAirm7Ke8EGgBeOxz
176875,"Soni Soni (From ""Ishq Vishk Rebound"")",Darshan Raval,"Soni Soni (From ""Ishq Vishk Rebound"")",36N5awamOX6XX5pQn3aFXZ
210600,Aankhon Aankhon,Yo Yo Honey Singh,Bhaag Johnny,78PDj0uocOvtSJCdOt65qy
105560,Ramta Jogi,Sukhwinder Singh,Taal,2fsPrE2NYiHOHPMuWbjvTj
230318,Dil Dhadakne Do,Joi Barua,Zindagi Na Milegi Dobara,46elU7IBKWf55D5sjHGqO7
228982,Ilahi,Pritam,Yeh Jawaani Hai Deewani,5cgKosPPj5Cs9a2JQufUc1
277292,Subah Subah,Arijit Singh,Sonu Ke Titu Ki Sweety,3kHDA43cBTx63KEZm7M8rq
169686,"Ishq Jaisa Kuch (From ""Fighter"")",Vishal-Shekhar,"Ishq Jaisa Kuch (From ""Fighter"")",23YpzkTDtU78GK6vpgRbkM
53023,"Neela Nilave (From ""RDX"")",Sam C.S.,"Neela Nilave (From ""RDX"")",1HNig28114roVWfkCHk5oJ
80815,Kinni Kinni,Diljit Dosanjh,Ghost,3F3ZuXYFXGM1V6pk3b3zmi
77901,Case,Diljit Dosanjh,Ghost,0TdWXMXyfTQ2qp5vvU9LID
106497,One Love,Shubh,One Love,5ZLkihi6DVsHwDL3B8ym1t
121384,"Zinda Banda (From ""Jawan"")",Anirudh Ravichander,"Zinda Banda (From ""Jawan"")",4tzx5af2qpwgyjG6JQGthj
180172,"Sher Khul Gaye (From ""Fighter"")",Vishal-Shekhar,"Sher Khul Gaye (From ""Fighter"")",0VXBujZKMLLlmee25BXEQs
164796,"Marana Mass - From ""Petta""",Anirudh Ravichander,Petta,7j7fS14vlwVk0Pfnr0hovC
95717,"Main Parwaana - From ""Pippa""",A.R. Rahman,Pippa,00IBeiKNG6sFuK2QkQbhNo
195709,Don'u Don'u Don'u - The Don's Romance,Anirudh Ravichander,Maari (Original Motion Picture Soundtrack),2kbxGCtWSV0f1ON720Bd4O
217220,Belageddu,Vijay Prakash,Kirik Party (Original Motion Picture Soundtrack),3uPm5mOO2skiLGQWqxa17b
105328,Dhan Te Nan,Sukhwinder Singh,Kaminey,2BOY77LvMTUOfLcnfFAJGl
32564,Pretty Woman,Shankar-Ehsaan-Loy,Kal Ho Naa Ho (Original Motion Picture Soundtrack),3rsx3pDYM3a08O0Yu3Tq6V
61224,Proper Patola,Badshah,Namaste England,39ujbBjTwwqUFySaCYDMMT
114751,Anjaana Anjaani Ki Kahani,Nikhil D'Souza,Anjaana Anjaani,3pNxVP6r45iUho1uxEYdj9
64771,Uff Teri Adaa,Shankar Mahadevan,Karthik Calling Karthik,0og9wKFGgFFNQnrBe7eisG
92966,Hungamaa Ho Gaya,Asha Bhosle,Queen,3gv6ZRvumAlDJufUM93hfv
89145,Pappu Can't Dance,Benny Dayal,Jaane Tu... Ya Jaane Na,7MkhC2h8lDwyEfaKxf48cJ
69127,Buttabomma,Armaan Malik,Ala Vaikunthapurramuloo,1gT9sc5997gi82JBxoUTYp
114489,Ramuloo Ramulaa,Anurag Kulkarni,Ala Vaikunthapurramuloo,3qWfqpB8KJFxwvbpqbuLCh
16611,"Naa Ready (From ""Leo"")",Anirudh Ravichander,Naa Ready,1B02UI29t3PTh3m98absaP
200373,Chaleya,Anirudh Ravichander,Jawan,3xMHXmedL5Rvfxmiar9Ryv
261702,Apna Bana Le,Sachin-Jigar,Bhediya,5bQ6oDLqvw8tywmnSmwEyL
250158,Pehle Bhi Main,Vishal Mishra,ANIMAL,7yDHHVKLbvDmVw1XXhDDIO
111289,Tere Pyaar Mein,Pritam,"Tere Pyaar Mein (From ""Tu Jhoothi Main Makkaar"")",2ZD4aIEepqZsdxPxLSuUhm
141428,Aathma Raama,Brodha V,Aathma Raama,6qJrmD6CXKWkWcsYwu9AV3
237012,Aigiri Nandini,Sona Mohapatra,Rock @ Coke Studio @ MTV,3vZkhj67kFMR9LZlEAQMZg
212160,"Jai Shri Ram (From ""Adipurush"")",Ajay-Atul,"Jai Shri Ram (From ""Adipurush"")",7yLIyyt2BrKXuxss9FBBDb
120281,"Ram Siya Ram (From ""Adipurush"")",Sachet-Parampara,"Ram Siya Ram (From ""Adipurush"")",5aMLADD1Ho6Ogq8s8mIzB9
167956,"Aankh Marey (From ""Simmba"")",Neha Kakkar,"Aankh Marey (From ""Simmba"")",63MvWd6T6yoS7h4AJ4Hjrm
120175,Aahun Aahun,Neeraj Shridhar,Love Aaj Kal (Original Motion Picture Soundtrack),1n1b2lwdRdWF5RAaA0vewk
190357,Bang Bang,Benny Dayal,Bang Bang,464gxyow4GJ7Wuz3cHrdBB
60698,Jhoome Jo Pathaan,Vishal-Shekhar,Pathaan,6FAYpZ4jve8vpvTwUvjK6H
81467,Lungi Dance,Yo Yo Honey Singh,Lungi Dance,3VXh3jYTW3lTxtXRnu2TKP
88120,Deewangi Deewangi,Shaan,Om Shanti Om,7emLx4rVwr0tPyjktu7A7U
187080,Hall of Fame,The Script,#3 Deluxe Version,0FB5ILDICqwK6xj7W1RP9u
129064,Right Now (Na Na Na),Akon,Freedom,5Ravsw8TmHN5wBiYPPYUFw
151679,Club Can't Handle Me,Flo Rida,Red Hot R & B,6scLpQdeXFZpHmDu0ZBu2T
5384,On The Floor,Jennifer Lopez,Love?,3C0nOe05EIt1390bVABLyN
4524,"Bailamos - From ""Wild Wild West""",Enrique Iglesias,Enrique,1ySwd43oWXbrytN2BD0Mhb
4859,One Love,Blue,One Love,2W5acFzXf5FrktecuD30Or
9353,Alive,Blue,Guilty,4sjJWlGfTju5FGr5fRuRvJ
36962,"Whenever, Wherever",Shakira,Laundry Service,2lnzGkdtDj5mtlcOW2yRtG
70291,Baby,Justin Bieber,My World 2.0,6epn3r7S14KUqlReYr77hA
73845,Temperature,Sean Paul,The Trinity,0k2GOhqsrxDTAbFFSdNJjT
56711,"Tokyo Drift (Fast & Furious) - From ""The Fast And The Furious: Tokyo Drift"" Soundtrack",Teriyaki Boyz,Tokyo Drift (Fast & Furious),0upFohXrGxIIAjyaJmCkMU
128227,What Makes You Beautiful,One Direction,Up All Night,4cluDES4hQEUhmXj6TXkSo
137485,Attention,Charlie Puth,Voicenotes,5cF0dROlMOK5uNZtivgu50
82393,Blinding Lights,The Weeknd,After Hours,0VjIjW4GlUZAMYd2vXMi3b
68720,FAKE LOVE,BTS,Love Yourself 結 'Answer',6a0gRYXKK0YU69cXaB2RrK
40539,Blood Sweat & Tears,BTS,Wings,2u54HNQamwFuOMLSuhSRom
64210,IDOL,BTS,Proof,0KCvsHmGvW2XcsxEWJvLPr
4471,Beat It,Michael Jackson,Thriller,3BovdzfaX4jb5KFQwoPfAw
100412,Bad - 2012 Remaster,Michael Jackson,Bad 25th Anniversary,5lWFrW5T3JtxVCLDb7etPu
231501,Dangerous,Michael Jackson,Dangerous,3u4RKvwDT3CKeYbjxqXEye
86746,Kurchi Madathapetti,Thaman S,Guntur Kaaram,0hY9eA74QrMCJuWEx7fo9y
246864,Ma Ma Mahesha,Thaman S,Ma Ma Mahesha - Sarkaru Vaari Paata,5utrjc4CKEFVy0D3eJxV70
51661,"Maamadura - From ""Jigarthanda DoubleX""",Santhosh Narayanan,Maamadura,5DezAsjtSLUxW9j00eh0Ia
171644,Ringa Ringa,Devi Sri Prasad,Aarya - 2 (Original Motion Picture Soundtrack),3APiIzLQYIitzR8F3oG1fV
66731,Ra Ra Reddy I Am Ready,Lipsika Bhashyam,Macherla Niyojakavargam,4gC6xOiJLHTpIARRdmYMaQ
71750,"Ranjithame (From ""Varisu"")",Thalapathy Vijay,"Ranjithame (From ""Varisu"")",1LbBOhicFmu7ktJqIHCELt
102847,Cinema Choopistha Mama,Simha,Race Gurram,5e5VbJTAuQ52mOngxjFZvg
117117,You Are My Soniya,Sandesh Shandilya,Kabhi Khushi Kabhie Gham (Original Motion Picture Soundtrack),6SDH3mp9sQCNJDfDDpQTTo
83427,Babuji Zara Dheere Chalo,Sandeep Chowta,Dum (Original Motion Picture Soundtrack),6tBw0YriaKSzUr5M8xXH2H
61018,Aa Ante,Malathi,Aarya,0osnJEcmFX4tzO9MS8feMn
121459,"Show Me The Thumka (From ""Tu Jhoothi Main Makkaar"")",Pritam,"Show Me The Thumka (From ""Tu Jhoothi Main Makkaar"")",1t39FBb0zsKv5krZaqZKCB
142997,Dilliwaali Girlfriend,Pritam,Yeh Jawaani Hai Deewani,3W1XPf7mvuQcWQB7U7MbTM
55701,"Bolo Har Har Har (feat. Mohit Chauhan, Sukhwinder Singh, Badshah, Megha Sriram Dalton, Anugrah, Sandeep Shrivastava)",Mithoon,Shivaay,7rMqbvNImA6wy8lxlNUMmj
10299,Krishna Theme (Flute),Paras Nath,Oh My God,6SeGCrn4WCKigFotOvSBka
170023,Chandrachooda,Midhun Mukundan,Garuda Gamana Vrishabha Vahana (Original Motion Picture Soundtrack),1qdxg27Q2AWkTYbVVbEw0x
313767,Navarasam,Thaikkudam Bridge,Navarasam,6w53UWYxXvQv5nU7GdNz1w
163062,"Sojugada Soojumallige (From ""Garuda Gamana Vrishabha Vahana"")",Midhun Mukundan,"Sojugada Soojumallige (From ""Garuda Gamana Vrishabha Vahana"")",04lZ6fKr1lplQacz1NBmXf
114950,Sadda Dil Vi Tu (Ga Ga Ga Ganpati),Sachin-Jigar,ABCD - Any Body Can Dance (Original Motion Picture Soundtrack),3WALn4IKUl7FlXjBg228nj
136544,Maari Thara Local - Here Comes Maari,Anirudh Ravichander,Maari (Original Motion Picture Soundtrack),7w4kFO2slzHCu1qEOMaPkl
93747,Italakadi Italakadi,Shankar Mahadevan,Gaja,1RdpIKKxSarwcvuHZeRTsT
124924,Sikkapatte Istapatte,Upendra,Super (Original Motion Picture Soundtrack),5IkgtDuxlSUwWv90mg6ABe
79252,Ammate,V. Harikrishna,Addhuri,1a5KNEo5SQZiS8Fil8EaIT
207552,Ekka Raja Rani,Kailash Kher,Jackie,1Au7BjRiAhuooehYinD7HQ
3942,Tumse Milke Dil Ka,Sonu Nigam,Main Hoon Na,1ax8ZuwRVkSdzzsIqyCNWQ
207647,"Hukum - Thalaivar Alappara (From ""Jailer"")",Anirudh Ravichander,"Hukum - Thalaivar Alappara (From ""Jailer"")",3pDbPKZHrpHAWcJVMsrNwA
415018,Rangapura Vihara,Agam,Rangapura Vihara - Single,56H5p48Xeq6icOZxKLDe7o
1650,Chammak Challo,Akon,Ra-One,0EH7sgeiFqDa3eS7ieW2zs
195709,Don'u Don'u Don'u - The Don's Romance,Anirudh Ravichander,Maari (Original Motion Picture Soundtrack),2kbxGCtWSV0f1ON720Bd4O
14220,Retro Romantic Medley,Twin Strings,Retro Cool Vol. 4,37rL4oDgUn2W01q5tyOPRg
20150,Mann Ki Lagan,Avinash Gupta,Mann Ki Lagan,6NP4BK3Vj5ygEWJ3ouzy00
121933,Maula Mere Maula,Roop Kumar Rathod,Anwar,4CGBTtlrjZj7ydpV52cgB4
383886,In Dino,Pritam,Life In A Metro (Original Motion Picture Soundtrack),6YycppSAeGtSvwmu8qCcr2
339500,Kun Faya Kun,A.R. Rahman,Rockstar,7F8RNvTQlvbeBLeenycvN6
241370,Akhiyan Udeek Diyan,Master Saleem,Shiddat,5ZHglFJ4SxGJWfgfeSekmj
1720,Tarakka Bindige,Vasu Dixit,Vasu Dixit,3rQfZ6fRnE0Pt0A13xNY7y
41450,Varaha Roopam Daiva Va Rishtam,B. Ajaneesh Loknath,Kantara (Original Motion Picture Soundtrack),27rOKilDt0DJV4Oyypo5z4
2504,Bahara,Vishal-Shekhar,I Hate Luv Storys (Original Motion Picture Soundtrack),1gwO79MdYdumgIjxq8eCxB
348965,Bulleya,Pritam,Ae Dil Hai Mushkil (Original Motion Picture Soundtrack) [Deluxe Edition],0Bz7dfqPY4JOGZO3O1j8Wh
320417,Challa,A.R. Rahman,Jab Tak Hai Jaan,6wXPV6dNRAhFavrRaCdMXT
4654,Dildaara (Stand By Me),Shafqat Amanat Ali,Ra-One,6ZoCBDOB308GqUdt2AJrV2
50349,Hass Hass,Diljit Dosanjh,Hass Hass,72vuBPMhwFNlSYpTSf6fVD
22378,All Girls Are The Same,Juice WRLD,Goodbye & Good Riddance,4VXIryQMWpIdGgYR4TrjT1
9888,Lucid Dreams,Juice WRLD,Goodbye & Good Riddance,285pBltuF7vW8TeWk8hdRR
378160,Where's the Party Tonight,Shankar-Ehsaan-Loy,Kabhi Alvida Naa Kehna (Original Motion Picture Soundtrack),6ECucSdJeJmSm3k1k3Vumv
1653554,Chaiyya Chaiyya,Sukhwinder Singh,Dil Se,5H4rKylLnO8KrmdXTRhj5s
188101,"Laal Peeli Akhiyaan (From ""Teri Baaton Mein Aisa Uljha Jiya"")",Tanishk Bagchi,"Laal Peeli Akhiyaan (From ""Teri Baaton Mein Aisa Uljha Jiya"")",2ibipg9GBEZ5YKOdskobJZ
255643,"Sapta Sagaradaache Ello - Side A Title Track (From ""Sapta Sagaradaache Ello - Side A"")",Charanraj MR,"Sapta Sagaradaache Ello - Side A Title Track (From ""Sapta Sagaradaache Ello - Side A"")",4mfrhh7oSf1NAfLHUvQaMU
233190,Pavizha Mazha,P S Jayhari,Athiran,36bYASwok7rBHAkrqiPdnu
222500,"Duniyaa (From ""Luka Chuppi"")",Akhil,"Duniyaa (From ""Luka Chuppi"")",2tjWCe2W7sgvS3C8NHcdtI
136052,"Current Laga Re (From ""Cirkus"")",Nakash Aziz,"Current Laga Re (From ""Cirkus"")",0z8wIFS6LUp2iz6kajcID7
146950,Malhari,Vishal Dadlani,Bajirao Mastani (Original Motion Picture Soundtrack),2K9uOczZgzGzvxb7ZgRJNK
1194,Malang (Title Track),Ved Sharma,Malang - Unleash The Madness,4qhkpGPwF7QkE5b5akznqX
328052,Matargashti,Mohit Chauhan,Tamasha,5GeBgck1MU2tlIkMpsn8uT
302935,"Ghungroo (From ""War"")",Vishal-Shekhar,YRF Top 10 - Nightout Sounds,1Ef0TmgS1QrVO6tKHrMMmH
16122,Manavyalakinchara (Mist of Capricorn),Agam,Manavyalakinchara (Mist of Capricorn) - Single,4CynbtCIynnanmhYj1FW7Q
489160,Rangapura Vihara,Agam,Rangapura Vihara - Single,56H5p48Xeq6icOZxKLDe7o
270111,Parasiva,Raghu Dixit,Jag Changa,0lnQysMxP2JNJ4Z91L4YYU
200526,"Heer Aasmani (From ""Fighter"")",B Praak,"Heer Aasmani (From ""Fighter"")",68hDecrVQCvVtzcYcvFMJX
259442,Chala Jata Hoon,Kishore Kumar,Kishore Kumar Masti Ki Chakri,5qQIs3YxG66SUHK3KHhSIr
67419,Gaata Rahe Mera Dil,Lata Mangeshkar,Remembering Lata Mangeshkar,6rkqqLPg9Lbsdh26JMqfp0
43396,Apni To Jaise Taise Dialogue,Kishore Kumar,Laawaris,04ktwHoyF8ELtSfjz8tc7M
41392,"Yeh Vaada Raha - From ""Yeh Vaada Raha""",Kishore Kumar,Yeh Vaada Raha,19LAzJUBAOzZtpw1h3J1YP
11409,"Kehdoon Tumhen - From ""Deewaar""",Kishore Kumar,Purani Jeans Kishore Collection,5frRYI0khL5GH9SF02iKSy
16955,Yeh Sham Mastani,Kishore Kumar,Kati Patang,6UeEm5XPsleVD85kNHCu1n
262109,"Arabic Kuthu - Halamithi Habibo (From ""Beast"")",Anirudh Ravichander,"Arabic Kuthu - Halamithi Habibo (From ""Beast"")",6yvxu91deFKt3X1QoV6qMv
224095,Jimikki Ponnu,Thaman S,Varisu,7fRIo7WyDxXn3r233GCcdL
172249,"Beast Mode (From ""Beast"")",Anirudh Ravichander,"Beast Mode (From ""Beast"")",1aQ58u4guUf999iQX3J2HF
228567,Tum Tum,Thaman S,Enemy - Tamil (Original Motion Picture Soundtrack),4eVsmEtOgOCa3WnK0C4Cbg
3230,Laahe Laahe,Mani Sharma,Acharya,6rcTPn1CwOyuskilY12IqL
311186,Kalank - Duet,Arijit Singh,Kalank,4cAPxxUgQXiuJu3QRBGMGr
231575,Maiyya Mainu,Sachet Tandon,Jersey,3ygfdwvBJ2Y5XhJiiHFFZE
341823,Qaafirana,Arijit Singh,Kedarnath,7BCp5hEiiDSmXsxsXkvYff
64102,"Satranga (From ""ANIMAL"")",Arijit Singh,"Satranga (From ""ANIMAL"")",3yHyiUDJdz02FZ6jfUbsmY
92410,Mast Magan,Arijit Singh,2 States,3uL1IBFhg52VcQqOwAG01E
35940,Entammede Jimikki Kammal,Vineeth Sreenivasan,Velipadinte Pusthakam,2n46SeXId7o9WvXTFgRO8B
647,Neele Neele Ambar Par - Male Version,Kalyanji-Anandji,Kalaakaar (Original Motion Picture Soundtrack),02zPo0Dt0R4TTFY5zLJZnK
250680,Seeti Maar,Jaspreet Jasz,DJ,5VayHAvzwBx4i87c1twFjS
306503,Criminal,Akon,Ra-One,39bx4zZrPxTjw8VNuvjt6X
200218,Param Sundari,Shreya Ghoshal,Mimi,3KeMulXbLDJBQdY5PZbGEh
171147,"Akhiyaan Gulaab (From ""Teri Baaton Mein Aisa Uljha Jiya"")",Mitraz,"Akhiyaan Gulaab (From ""Teri Baaton Mein Aisa Uljha Jiya"")",0M0ANKNzmM4Odd7FNKghzW
231575,Maiyya Mainu,Sachet Tandon,Jersey,3ygfdwvBJ2Y5XhJiiHFFZE
143589,Deewangi Deewangi,Shaan,Om Shanti Om,7emLx4rVwr0tPyjktu7A7U
192002,Desi Girl,Vishal-Shekhar,Dostana (Original Motion Picture Soundtrack),3Qpk2qHree1RTH5lZaKnEK
53449,Sheila Ki Jawani,Sunidhi Chauhan,Tees Maar Khan,6VbmeIWTbNHM5uqoW7GTE4
90559,Chikni Chameli,Shreya Ghoshal,Agneepath (Original Motion Picture Soundtrack),1vSXwYeKnzsVvekSpqVabx
117641,"Ik Vaari Aa (From ""Raabta"")",Arijit Singh,"Ik Vaari Aa (From ""Raabta"")",5lrA2NzUxmBjKr2tCZfMtl
70251,Gasolina,Daddy Yankee,Barrio Fino (Bonus Track Version),228BxWXUYQPJrJYHDLOHkj
107946,Gangnam Style (강남스타일),PSY,Gangnam Style (강남스타일),03UrZgTINDqvnUMbbIMhql
143855,Aai Paapi,Neeraj Shridhar,Kismat Konnection,7Bw56mGeOVbBBWBSLg356s
98161,Aahun Aahun,Neeraj Shridhar,Love Aaj Kal (Original Motion Picture Soundtrack),1n1b2lwdRdWF5RAaA0vewk
110104,Twist,Neeraj Shridhar,Love Aaj Kal (Original Motion Picture Soundtrack),7gl8XJ8EmiObfSFppTATt6
87114,Prem Ki Naiyya,Neeraj Shridhar,Ajab Prem Ki Ghazab Kahani,2JDsi7S0UmtGoyVPTda0ao
133881,"Galti Se Mistake (From ""Jagga Jasoos"")",Arijit Singh,"Galti Se Mistake (From ""Jagga Jasoos"")",0ldzwWfM7vVxZ9bmxK3Q8m
12962,Dance Ka Bhoot,Arijit Singh,Brahmastra,43Xb3G04Pgp63fNhQW4T6W
67366,Badtameez Dil,Benny Dayal,Yeh Jawaani Hai Deewani,4eu27jAU2bbnyHUC3G75U8
72995,"Pyaar Hota Kayi Baar Hai (From ""Tu Jhoothi Main Makkaar"")",Arijit Singh,"Pyaar Hota Kayi Baar Hai (From ""Tu Jhoothi Main Makkaar"")",2vPrBucKCfKmafHhSfJ2pt
153083,"Teri Baaton Mein Aisa Uljha Jiya Title Song (From ""Teri Baaton Mein Aisa Uljha Jiya"")",Raghav,"Teri Baaton Mein Aisa Uljha Jiya Title Song (From ""Teri Baaton Mein Aisa Uljha Jiya"")",6IR6mzRO60hnMjNoq8rCPE
202880,Bisilu Kudureyondu,Rajesh Krishnan,Googly (Original Motion Picture Soundtrack),7MsH6gZMOgzohJYDLGHHVw
279826,Tere Liye,Atif Aslam,Prince,0fCQRUbk8LIQTdQYGNtGyv
1834,"Tere Vaaste (From ""Zara Hatke Zara Bachke"")",Varun Jain,"Tere Vaaste (From ""Zara Hatke Zara Bachke"")",46hzNOUOAlivuCZZ0wE3zi
115209,Naakka Mukka,Vijay Antony,Kadhalil Vizhundhen,6aUstpsARWZwKY7x2wKvtI
104241,Ole Ole,Abhijeet,Yeh Dillagi,4cHkNpAIlCFbNQKGHfMVaw
120889,Main Khiladi Tu Anari,Abhijeet,Main Khiladi Tu Anari,75HJYgb0KguhgWBjpx5iWH
66037,Too Cheez Badi Hain,Udit Narayan,Mohra,6wYKL1vzI0Vwkkz4fS7ana
78996,Muqabala Muqabala,Mano,Hum Se Hai Muqabala - Kadalan,0iG83qZ0ftWr43VggRYkp3
209050,Bekaar Dil,Vishal Mishra,Fighter,1cfVazMGaMohXaEMOmNv6c
6388,"O Maahi (From ""Dunki"")",Arijit Singh,"O Maahi (From ""Dunki"")",0qQ4IdhjzNr0gJhdMTf2n3
142496,"Tum Se (From ""Teri Baaton Mein Aisa Uljha Jiya"")",Sachin-Jigar,"Tum Se (From ""Teri Baaton Mein Aisa Uljha Jiya"")",2ceeTJAzKy295Fm0VsaXtE
177125,Rang De Basanti,Daler Mehndi,Rang De Basanti (Original Motion Picture Soundtrack),1SdFBc40uBU5Pqylo05VIC
213810,Sajna Ji Vaari Vaari,Sunidhi Chauhan,Honeymoon Travels Pvt. Ltd.,66wEHvHkE7iz73PEob4Y98
120464,Dil Dooba,Sonu Nigam,Khakee,6cUaCs1lKfDOyFKMkBF8ch
211053,"Besharam Rang (From ""Pathaan"")",Vishal-Shekhar,"Besharam Rang (From ""Pathaan"")",0CtZpaOhtzvLV3FfcsVpQo
150965,Soni De Nakhre,Wajid,Partner,4tBMbRwLJa5BjwJ6FrBlks
113755,Twist,Neeraj Shridhar,Love Aaj Kal (Original Motion Picture Soundtrack),7gl8XJ8EmiObfSFppTATt6
79792,Bolo Ta Ra Ra,Daler Mehndi,Bolo Ta Ra Ra,4gmL6HURFqPMwx8nWQoOn2
97688,Ho Jayegi Balle Balle,Daler Mehndi,Ho Jayegi Balle Balle,6ZdUoU3nGE4elsw4HSu5fu
114148,Tunak Tunak Tun,Daler Mehndi,Tunak Tunak Tun,131yybV7A3TmC34a0qE8u8
46320,Rolex Theme - Background Score,Anirudh Ravichander,Vikram,3Vb8KkT6Ub5fFGPYJCJyLh
205255,Ugramm Veeram,Ravi Basrur,Ugramm (Original Motion Picture Soundtrack),2goZ22O9OEmfelZvz4XN7w
209050,Bekaar Dil,Vishal Mishra,Fighter,1cfVazMGaMohXaEMOmNv6c
10278,"Dil Se Dil Tak (From ""Bawaal"")",Akashdeep Sengupta,"Dil Se Dil Tak (From ""Bawaal"")",1kTEGyqUJFgstwdgJFLqz1
274943,Raat Bhar,Arijit Singh,Heropanti,3ctaMit7CuiHIPVYrRvm15
299821,"Humraah (From ""Malang - Unleash The Madness"")",Sachet Tandon,"Humraah (From ""Malang - Unleash The Madness"")",4xmkpE1Si5JL7NFxWrhV0S
228982,Ilahi,Arijit Singh,Yeh Jawaani Hai Deewani,5cgKosPPj5Cs9a2JQufUc1
82502,Gal Mitthi Mitthi,Amit Trivedi,Aisha (Original Motion Picture Soundtrack),4J9n7thOdqi8gxRGNyQoVC
86380,Ainvayi Ainvayi,Salim - Sulaiman,Band Baaja Baaraat,74AqVxZ3oXwJ8olHssBUG3
103486,"Dil Se Dil Tak (From ""Bawaal"")",Akashdeep Sengupta,"Dil Se Dil Tak (From ""Bawaal"")",1kTEGyqUJFgstwdgJFLqz1
213611,"What Jhumka ? (From ""Rocky Aur Rani Kii Prem Kahaani"")",Arijit Singh - Jonitha Gandhi,"What Jhumka ? (From ""Rocky Aur Rani Kii Prem Kahaani"")",4uNxdQ1L4Xa52MWX864QhW
5533,Pehle Bhi Main,Vishal Mishra,ANIMAL,7yDHHVKLbvDmVw1XXhDDIO
247286,Pal,Arijit Singh,Pal,5G7pZ8G8NFvS1MQ9H4L7dC
39903,"Ranjha (From ""Shershaah"")",Jasleen Royal,Ranjha,72zHuDxFQTjbL51qJQSA7j
236560,Barso Re,Shreya Ghoshal,Guru (Original Motion Picture Soundtrack),32DWojMZeZebVrfBkhAkKy
250120,Jab Se Tere Naina,Monty Sharma,Saawariya (Original Motion Picture Soundtrack),0gRNu9dVzi5aC87AI1empZ
297213,Tainu Leke,Sonu Nigam,Salaam-E-Ishq,34wsgkPMRk3xIfHdwtezbf
1026,Chor Bazaari,Neeraj Shridhar,Love Aaj Kal (Original Motion Picture Soundtrack),4gqHEia13bp5EFWGitiKWx
195254,"Not Ramaiya Vastavaiya (From ""Jawan"")",Anirudh Ravichander,"Not Ramaiya Vastavaiya (From ""Jawan"")",0bq1DsWLC4glKh9etnmalg
126070,Nidde Bandilla,Mika Singh,Krishnan Marriage Story,1xIwJk43vWXju8GpWSNpcm
7540,Araluthiru,Shreya Ghoshal,Mungaru Male,4omaeKfh7tt9ZYEa9LY0tK
6820,Ivanu Geleyanalla,Shreya Ghoshal,Mungaru Male,3uGgBYzrYUNypQRPw4hQTY
116420,Suvvi Suvalli,Hemanth,Mungaru Male,7apisHUvPKI2FYVPYWYZmc
26010,Anku Donku,S. P. Balasubrahmanyam,Apthamithra,4KJyqd3j0yvhsVjqBQ3hZo
219410,Pata Pata,Udit Narayan,Apthamithra,5Qijc2vmIFMBTZzFIhTx56
228469,Nagada Nagada,Pritam,Jab We Met,2W6bC4K4e6y42HnYTA5yHO
292327,Sajh Dhaj Ke,Pritam,Mausam,5HJGzB7sZleFrrDvr0pRo4
174592,"Vaathi Coming (From ""Master"")",Anirudh Ravichander,Vaathi Coming,4dJrjWtAhEkW7VdPYSL1Ip
325706,Bahara,Shreya Ghoshal,I Hate Luv Storys (Original Motion Picture Soundtrack),1gwO79MdYdumgIjxq8eCxB
336567,Banjaara,Mohammed Irfan,Ek Villain,4eFnk661RcdOuH9ajiTO3j
292826,"Bol Do Na Zara (From ""Azhar"")",Armaan Malik,2016 Shining Star - Armaan Malik,3XQ15TDH5wMJMJr0X6u2Yc
348965,Bulleya,Amit Mishra,Ae Dil Hai Mushkil (Original Motion Picture Soundtrack) [Deluxe Edition],0Bz7dfqPY4JOGZO3O1j8Wh
304899,Chahun Main Ya Naa,Palak Muchhal,Aashiqui 2,6UgcN95w7vQxkR8sEFmwHG
320417,Challa,A.R. Rahman,Jab Tak Hai Jaan,6wXPV6dNRAhFavrRaCdMXT
249660,Dildaara (Stand By Me),Shafqat Amanat Ali,Ra-One,6ZoCBDOB308GqUdt2AJrV2
8688,Dil Diyan Gallan,Atif Aslam,YRF Top 10 - Falling in Love,0FBQ4NrrHUbR9kus7rzrOj
2080,Dil Kyun Yeh Mera,KK,Kites,5nHwX7e5XHnie22nuTFgda
4060,Dooriyan,Mohit Chauhan,Love Aaj Kal (Original Motion Picture Soundtrack),5F79ZdjOwGOhUKRHx94sr1
3510,Ek Ladki Ko Dekha Toh Aisa Laga - Title Track,Darshan Raval,Ek Ladki Ko Dekha Toh Aisa Laga,3IOgP2PSCTdoAID7VmMGEh
1470,Enna Sona,Arijit Singh,OK Jaanu (Original Motion Picture Soundtrack),6bdpj89aYEBjhpsenXAsmO
3810,Falak Tak,Udit Narayan,Tashan,0IudGhdeJZwJ0Ps6ndtQDt
1170,Galliyan,Ankit Tiwari,Ek Villain,3ySVdXje5nm31d7vL3jNV3
123560,Gulabi,Sachin-Jigar,Shuddh Desi Romance,22kRCQPyNXWZSQEcDvCmGD
214735,Haareya,Arijit Singh,Meri Pyaari Bindu,1VvGJIAjhGdB7InVP9NA7V
398799,Hamari Adhuri Kahani (Title Track),Jeet Gannguli,Hamari Adhuri Kahani (Original Motion Picture Soundtrack),3HiobOOpSpMsi95WBKPBYk
263967,Haule Haule,Sukhwinder Singh,Rab Ne Bana Di Jodi,2UKK9UEbKlykbmLVP1zWIQ
141977,Hawayein,Arijit Singh,Jab Harry Met Sejal (Original Motion Picture Soundtrack),0l6g8Z8mqGbGXFOjigYetD
71620,Srivalli,Devi Sri Prasad,Pushpa - The Rise,2YmXGUx32C3CUEgcAyHcGf
92111,Mr. Perfect,Devi Sri Prasad,Aarya - 2 (Original Motion Picture Soundtrack),4HB1ILmewz18T9jGNHmmBe
19503,"Naacho Naacho (From ""Rrr"")",Vishal Mishra,Diwali Special Party Songs,23lZ18elMHEVBMeSm2xxAC
87618,Main Aisa Kyon Hoon,Shankar-Ehsaan-Loy,Lakshya (Original Motion Picture Soundtrack),11ipwX6rA4f5KMTYB7QFXj
193008,Kala Chashma,Prem & Hardeep,Baar Baar Dekho,6mdLX10dvBb7rGYbMXpKzz
129706,Girls Like You,Maroon 5,Red Pill Blues,7npLlaPu9Mfno8hjk5OagD
279659,Dangerous,Michael Jackson,Dangerous,3u4RKvwDT3CKeYbjxqXEye
322250,Namo Namo,Amit Trivedi,Kedarnath,6DwBCjospi1c9WsRVfoCwN
70634,Taliban Alla Alla,Puneeth Rajkumar,Appu (Original Motion Picture Soundtrack),6Fcl2aynuYjtMAb82tvh6x
14752,Boni Aagada Hrudayana,Tippu,Annabond,215gWNB0OllSLcLExHpiZ9
82864,Thumba Nodbedi,V. Harikrishna,Annabond,40JuJ0goHXnxOC5RXwJikK
92567,Muthuraja Kalitu,Shankar Mahadevan,Raaj,2hF9LV4Hf5gOugzeHZKBVh
381748,Last Benchu Party,B. Ajaneesh Loknath,Kirik Party (Original Motion Picture Soundtrack),57bwy4DVMBAoGyuvQSenoo
222982,See You Again (feat. Charlie Puth),Wiz Khalifa,See You Again (feat. Charlie Puth),2JzZzZUQj3Qff7wapcbKjc
4388,Magenta Riddim,DJ Snake,Carte Blanche,3dsyqPDiWYYilRZNBxgxHE
158058,Mi Gente,J Balvin,Mi Gente,4ipnJyDU3Lq15qBAYNqlqK
177350,"Katchi Sera - From ""Think Indie""",Sai Abhyankkar,Katchi Sera,1zzejMGRYKP5XOa3FmzXfa
293745,Gudugudiya Sedi Nodo,Raghu Dixit,Antaragni - The Fire Within,7yhvflcXyqw1pQgCSnelZ4
250097,Ninna Poojege Bande Mahadeshwara,Raghu Dixit,Psycho,39KS96tkCoJMz9P5m1ZqHT
74874,Nee Singam Dhan,A.R. Rahman,Pathu Thala,0vua5LbAth2HzKqpbnVRZk
77671,Aaluma Doluma,Anirudh Ravichander,Vedalam (Original Motion Picture Soundtrack),1Do2hDE0etMakAEQbyOd4L
121111,"Appadipodu (From ""Gilli"")",KK,Kalakal Dance Hits,1s2moIdYXoF2NYY1L6FOVC
98437,Hookah Bar,Himesh Reshammiya,Khiladi 786,4AoQVhME8Ko6LNm4lV2wwQ
84701,It's the Time to Disco,Shankar-Ehsaan-Loy,Kal Ho Naa Ho (Original Motion Picture Soundtrack),3hCUkos0NxuSFl73oOHJzb
71268,Ek Pal Ka Jeena,Lucky Ali,Kaho Naa Pyar Hai,5iwPZEPu8bxy1fAWnhYT7J
44257,Top Lesi Poddi,Sagar,Idharammayilatho,0FSrCEox8bEpO3RD6ZfEr5
65587,Seeti Maar,Jaspreet Jasz,DJ,5VayHAvzwBx4i87c1twFjS
55547,Ringa Ringa,Devi Sri Prasad,Aarya - 2 (Original Motion Picture Soundtrack),3APiIzLQYIitzR8F3oG1fV
77867,Calm Down,Rema,Calm Down,6hgoYQDUcPyCz7LcTUHKxa
114622,Jalebi Baby (Tesher x Jason Derulo),Tesher,Jalebi Baby (Tesher x Jason Derulo),6FvSS3Goz7OC8oCC2eWqe8
350520,Mourya Re,Shankar Mahadevan,Don,5IvXCYI3LU2BvWtb7KqDrf
166666,Lemonade,Diljit Dosanjh,Drive Thru,3ZGJhN4unVspOqpwGvUL2W
199174,Jug Jug Jeeve,Sachet Tandon,Shiddat,0tjnLIbuF8mwLUKq3CNIdH
247125,"Har Funn Maula (From ""Koi Jaane Na"")",Tanishk Bagchi,"Har Funn Maula (From ""Koi Jaane Na"")",3ayMReTwLoo6jAg7adDqyz
230546,Vele,Vishal-Shekhar,Student of the Year (Original Motion Picture Soundtrack),31phvnfUfwzi0nf3dO814j
88077,Jimmy Jimmy Jimmy Aaja,Parvati Khan,Disco Dancer,0d41cBuY33gD9FxFabnnmz
112190,I Am A Disco Dancer,Vijay Benedict,Disco Dancer,3CoMCZaNOWWgCDeVCGD29q
156535,Om Shanti Om - Meri Umar Ke Naujawano,Kishore Kumar,Karz,6vFJr52IAP16GJ3BAQpmCr
161612,SANTHOSHAKKE,S. P. Balasubrahmanyam,GEETHA,5uBnhZRMZnGQi8dXb2VZ3L
204443,Jokae,Airaa Udupi,Jokae - KGF Chapter 1,4xGGFbgDUDkb872WrHbdlp
113380,Barbaadiyan,Sachet Tandon,Shiddat,6qZyM6JV8ohLC4S2EL5sFh
212412,Dheere Dheere,Yo Yo Honey Singh,Dheere Dheere,4fyR24BKznXBLNkK8LwWla
271330,"Dil Cheez Tujhe Dedi (From ""Airlift"")",Ankit Tiwari,Groove With Arijit Singh,4r5KcqClOrWJupeOZYEbGx
1980,Kamariya,Aastha Gill,Stree,5cjVsWqIkBQC7acTRhL0RO
203206,Manali Trance,Yo Yo Honey Singh,The Neha Kakkar Collection,1ySCeH8MLWheNDBxKCXqsD
136873,Jhalak Dikhla Ja,Himesh Reshammiya,Aksar,43SKg10CCeaoyr7XSKfpTR
172428,Mauja Hi Mauja,Pritam,Jab We Met,2iXVckhPy7tP0wV9DvlrjZ
58700,Jeene Ke Hain Chaar Din,Sonu Nigam,Mujhse Shaadi Karogi,4UJih0aZ8YcQm4CIErba45
57061,Uff Teri Adaa,Shankar Mahadevan,Karthik Calling Karthik,0og9wKFGgFFNQnrBe7eisG
189574,Salaam Rocky Bhai,Vijay Prakash,KGF - Chapter 1 (Kannada),3BcSOunWm4kYRU7pwzbI2G
120620,We Will Rock You - Remastered 2011,Queen,News Of The World,4pbJqGIASGPr0ZpGpnWkDn
67605,Starboy,The Weeknd,Starboy,7MXVkk9YMctZqd1Srtv4MB
179912,"Abhi Toh Party Shuru Hui Hai (From ""Khoobsurat"")",Badshah,Badshah Party Hits,51ZN0MyxxJ0VmCN2Hlscfw
113040,"Sunny Sunny (From ""Yaariyan"")",Yo Yo Honey Singh,Yo Yo Honey Singh Is Back,1TaeNA6443E9MHtbGXV0s8
70960,Faltu,Sachin-Jigar,F.A.L.T.U (Original Motion Picture Soundtrack),4DKIzK0M2OqWhoLv1J7RpX
112820,Char Baj Gaye - Party Abhi Baaki Hai,Sachin-Jigar,F.A.L.T.U (Original Motion Picture Soundtrack),1eFH9kh7L63Zb8FDqjbwZJ
152140,Angreji Beat,Yo Yo Honey Singh,International Villager,4psVrPZy07uZTLwc3Mqz4V
130760,Brown Rang,Yo Yo Honey Singh,International Villager,3yRLROmAcKJBqTrdEczFB8
167320,Dope Shope,Yo Yo Honey Singh,International Villager,3pVXZ04pu8zYaiAHCrh6PV
214600,High Heels,Jaz Dhami,High Heels,7q7eYVerltlW2sYBuga6Mj
167570,"Ishq Mitaye (From ""Amar Singh Chamkila"")",Mohit Chauhan,"Ishq Mitaye (From ""Amar Singh Chamkila"")",3pPgLXFHuHx1AZ3CcdoVDl
148193,Softly,Karan Aujla,Making Memories,0YQJoDL6f46J0n1rOVkpxJ
180999,Team Side Feat. RCB,Alan Walker,Team Side Feat. RCB,4YHA0wXklru86h1N211Ywh
82286,On My Way,Alan Walker,On My Way,4n7jnSxVLd8QioibtTDBDq
74368,"Alone, Pt. II",Alan Walker,"Alone, Pt. II",0bMbDctzMmTyK2j74j3nF3
35241,Tum Hi Ho,Arijit Singh,Aashiqui 2,56zZ48jdyY2oDXHVnwg5Di
1511,"Lutt Putt Gaya (From ""Dunki"")",Arijit Singh,"Lutt Putt Gaya (From ""Dunki"")",72Z2D7jpKevicRkyL45mbw
103719,Excuses,AP Dhillon,Excuses,29m79w9xPMH4YCD6r8JSmV
107635,Koi Mil Gaya,Kavita Krishnamurthy,Kuch Kuch Hota Hai,5L9fLNHSj5SuGvJRljdWJb
62396,Mere Mehboob Mere Sanam,Udit Narayan,Duplicate,77QP3sduboWcEh7aypoz66
4138,Vida Karo,Arijit Singh,Amar Singh Chamkila,60nxFG3LCviPvdTX5JU2iB
40716,"Janiye (from the Netflix Film ""Chor Nikal Ke Bhaga"")",Vishal Mishra,"Janiye (from the Netflix Film ""Chor Nikal Ke Bhaga"")",0645eBDehHcqfiF15hscQV
35861,Agar Tum Saath Ho,Alka Yagnik,Tamasha,3hkC9EHFZNQPXrtl8WPHnX
57879,Humsafar,Akhil Sachdeva,Badrinath Ki Dulhania,6TFESXMfJJWwccviaxGAMa
26975,Gonna Fly Now,Rocky Orchestra,The Rocky Story,3bBpDYd23FgiYSGmqaZVv7
27262,Eye of the Tiger,Survivor,Rocky IV,2KH16WveTQWT6KOG9Rg6e2
191512,Unakku Thaan,Santhosh Narayanan,Chithha,7xnSWKXH8XVc8vML9132SZ
46641,Badi Mushkil,Alka Yagnik,Lajja,1SQqbwndpSEiEULMV1CPDr
107264,Swag Se Swagat,Vishal-Shekhar,Tiger Zinda Hai,2AjGLmuZK1fu21n1IpB9RU
48750,Thuli Thuli,Yuvan Shankar Raja,Paiya,2uqXfUERVBLa1heEoUTBlO
128176,James Bond Theme,John Barry,Dr. No (Original Motion Picture Soundtrack),19LTCwCTXO2ZTCYRcQNO3K
33653,Without Me,Eminem,The Eminem Show,7lQ8MOhq6IN2w8EYcFNSUk
36487,Eenie Meenie,Sean Kingston,Eenie Meenie,4vVTI94F9uJ8lHNDWKv0i2
303640,Ishq Bulaava,Vishal-Shekhar,Hasee Toh Phasee (Original Motion Picture Soundtrack),1fkjRQA8wXPPyxqYLbxuqy
333181,Khuda Jaane,Vishal-Shekhar,Bachna Ae Haseeno,0gPgdRfB4jdGrlyXS0Vx78
346290,"Tere Hawaale (From ""Laal Singh Chaddha"")",Arijit Singh,"Tere Hawaale (From ""Laal Singh Chaddha"")",4blqlsA1uf2d2I40E90EUC
278546,Tere Naina,Shankar-Ehsaan-Loy,My Name Is Khan (Original Motion Picture Soundtrack),3hoXhwP0ub9LdSJV4olDIc
150650,I'm Good (Blue),David Guetta,I'm Good (Blue),4uUG5RXrOk84mYEfFvj3cK
103542,Hymn for the Weekend,Coldplay,A Head Full of Dreams,3RiPr603aXAoi4GHyXx0uy
113305,"Hey Mama (feat. Nicki Minaj, Bebe Rexha & Afrojack)",David Guetta,Listen,285HeuLxsngjFn4GGegGNm
141891,Dil Haara,Sukhwinder Singh,Tashan,5wIwMpBfTKoGmuOphrYrum
84042,"Illuminati - From ""Aavesham""",Sushin Shyam,Illuminati,1kFNFsAZ4iZy4vjBEtT12I
241448,Kaun Tujhe,Palak Muchhal,M.S.Dhoni - The Untold Story,5T2ZZiBMDGh3TZDUbxg4rV
201675,"Suno- Na Sangemarmar (From ""Youngistaan)",Arijit Singh,Love Dose Arijit Singh,2ESscisnKdryn50fPeHd7O
2427,Dil Diyan Gallan,Atif Aslam,Tiger Zinda Hai,5MnAi6ZF7cE8pAz7wYr9Ta
161427,Premika Ne Pyar Se,S. P. Balasubrahmanyam,Hum Se Hai Muqabala - Kadalan,2BpV7xTI41RgdSQ5bjgAfX
37120,Masthu Masthu Hudugi,Manu,Upendra (Original Motion Picture Soundtrack),3IK3fgz1oHJ7hkSaiTcUcD
131750,Nagada Sang Dhol,Shreya Ghoshal,Goliyon Ki Raasleela Ram-Leela (Original Motion Picture Soundtrack),5s9Kd33ExIhpe1JJSj5zLZ
62537,"Dola Re Dola - From ""Devdas""",Kavita Krishnamurthy,Devdas,60MtSgn6FttZapzcFeWRZO
95116,Yedeyolage,Tippu,Vishnuvardhana,0b6QLFqbjCVRzRIKlYVv0W
28020,Alladsu Alladsu,Vijay Prakash,Chowka,7Gbfh2qmAbbIqR7yJCbHGB
256894,"Deva Deva (From ""Brahmastra"")",Arijit Singh,Deva Deva,0IGXY47K2ha3AHfX57wY1O
356826,Deva Shree Ganesha,Ajay-Atul,Agneepath (Original Motion Picture Soundtrack),6Ozx2ngGtXrqznTKhKBlrT
233814,Sajdaa,Shankar-Ehsaan-Loy,My Name Is Khan (Original Motion Picture Soundtrack),395gJWcJQK0C3GJfHAn7f6
100001,Jugnu,Badshah,Jugnu,2NTVtNcpC0i1R7LVGaCZCF
160660,"Sajni (From ""Laapataa Ladies"")",Arijit Singh,"Sajni (From ""Laapataa Ladies"")",5zCnGtCl5Ac5zlFHXaZmhy
183000,"Makhna - From ""Drive""",Yasser Desai,Makhna,7BjQqiOJio4RdPL33yALKE
244301,Jackie Jackie,Naveen Madhav,Jackie,32jltT7THmdwh5bl6HZqiZ
21768,Selfie Pulla,Anirudh Ravichander,Kaththi (Original Motion Picture Soundtrack),5xwM2yTshGrx5azFpwIkgG
164026,Vikram - Title Track,Anirudh Ravichander,Vikram,6FQQiTpYnfc5803p84bQp1
20793,Hips Don't Lie (feat. Wyclef Jean),Shakira,"Oral Fixation, Vol. 2 (Expanded Edition)",3ZFTkvIE7kyPt6Nu3PEa7V
14568,Cheap Thrills (feat. Sean Paul),Sia,This Is Acting,378iszndTZAR4dH8kwsLC6
96042,Temperature,Sean Paul,The Trinity,0k2GOhqsrxDTAbFFSdNJjT
174548,Jinke Marina,Ananad Ram,Nanda Loves Nanditha (Original Motion Picture Soundtrack),23cbf6855t12pLW9g9SYXB
32003,Stylo Stylo,Eorge Peetor,Hudugaata,7JNPrauzIz8KqG1hxUNuQZ
19700,Still Rollin,Shubh,Still Rollin,6oz1L5jcqZWYuId7nxvIan
33010,Cheques,Shubh,Still Rollin,4eBvRhTJ2AcxCsbfTUjoRp
53680,Elevated,Shubh,Elevated,2AilvPt1AQ8PixlCKqkjfj
49360,Baller,Shubh,Baller,42TMa2hgBNjte4uV7jNCnQ
72570,Zor Ka Jhatka,Pritam,Action Replayy,7EIq46YALncEzg0fYvLo0L
108590,Emosanal Attyachaar ,Band Master Rangeela,Dev D,7iW9pTNgp2HtlRJinoYuiA
115830,O Meri Zohrajabeen,Himesh Reshammiya,Phir Hera Pheri,1lMhoj9QVjrTTRokk8kW0u
188166,Tainu Khabar Nahi,Arijit Singh,Tainu Khabar Nahi,5npFBWhVs3VVlc0nY5xQMA
281511,Dekhha Tenu ,Mohammad Faiz,Dekhha Tenu,34Fh4HXZmnuBdtgejWUZg2
246988,Ve Kamleya ,Arijit Singh,Rocky Aur Rani Kii Prem Kahaani,6y5SuF4NxGkvwpAdqcAkD3
1248521,Bye Bye Bye,NSYNC,No Strings Attached,4r8lRYnoOGdEi6YyI5OC1o
582642,It's Gonna Be Me ,NSYNC,No Strings Attached,2AW37v0bDyuOzGP3XnmFuA
258065,La Vie En Rose,Emily Watts,La Vie En Rose,3PV8uIQnxD4Qiimn3x6PVr
52648,Wildest dreams ,Taylor Swift,1989,3fVnlF4pGqWI9flVENcT28
45216,Cruel summer,Taylor Swift,Lover,1BxfuPKGuaTgP7aM0Bbdwr
1258463,August,Taylor Swift,Folklore,3hUxzQpSfdDqwM3ZTFQY0K
529715,Dangerous woman ,Ariana Grande,Dangerous Woman,3nef5W8jTkXrOKgCu4kmq7
649851,Don't blame me,Taylor Swift,Reputation,1R0a2iXumgCiFb7HEZ7gUE
896256,Fly me to the moon,Frank Sinatra,Nothing But The Best,7FXj7Qg3YorUxdrzvrcY25
128745,History ,One Direction,Made In The A.M.,0HMjXBAZmSYOTTi33WpMso
45826,Sway,Michael Buble,Michael Buble,2ajUl8lBLAXOXNpG4NEPMz
964824,Lover,Taylor Swift,Lover,1dGr1c8CrMLDpV6mPbImSI
2482150,Night Changes,One Direction,FOUR,5O2P9iiztwhomNh8xkR9lJ
526903,Steal My Girl ,One Direction,FOUR,2Bs4jQEGMycglOfWPBqrVG
1529836,As It Was,Harry Styles,Harry's House,4Dvkj6JhhA12EX05fT7y2e
856241,Watermelon Sugar,Harry Styles,Fine Line,6UelLqGlWMcVH1E5c4H7lY
1369852,Senorita,Shawn Mendes & Camila Cabello,,0TK2YIli7K1leLovkQiNik
956251,Perfect,Ed Sheeran,Divide,0tgVpDi06FyKpA1z0VMD4v
52682,Photograph,Ed Sheeran,X,1HNkqx9Ahdgi1Ixy2xkKkL
998561,Shape Of You,Ed Sheeran,Divide,7qiZfU4dY1lWllzX7mPBI3
284521,Until I Found You,Stephen Sanchez,Until I Found You,0T5iIrXA4p5GsubkhuBIKV
241896,Dandelions,Ruth B.,Safe Haven,2eAvDnpXP5W0cVtiI0PUxV
29528,Harleys In Hawaii,Katy Perry,Harleys In Hawaii,5nCthAh3jt4xKuLJAifAaR
562942,Let Me Love You,DJ Snake & Justin Bieber,Encore,0lYBSQXN6rCTvUZvg9S0lU
625152,Do You Know,Diljit Dosanjh,Do You Know,1aHRhPwlNTNdMsDcYicxb6
562502,Katheyonda Helide,"B. Ajaneesh Loknath, Varun Ramachandra",Kirik Party (Original Motion Picture Soundtrack),4pGXWHaNFVxpugHjlWW7vW
58974,Arere Avala Naguva,Vasuki Vaibhav,"Sarkari Hi.Pra.Shaale,Kasaragodu",714aJWinIGdP0BCZvQ9bGg
38427,Yaare Neenu Roja Hoove,S. P. Balasubrahmanyam,Naanu Nanna Hendathi,7oXUhJ1jYHxgql1jWvmz4l
45281,Huttidare Kannada,"Rajkumar, Hamsalekha",Akasmika,5MX6jFxIAdz77uxE8u3wx8
125431,Kaagadada Doniyalli,Vasuki Vaibhav,Kirik Party (Original Motion Picture Soundtrack),5CR0wsdb64LimwxRcrxtsG
352614,College Getalli,V. Harikrishna,Paramathma,5AOEMcNBD6BFwiLKxcGFYv
75216,Minchagi Neenu,Sonu Nigam,Gaalipata,49ai64251KJsn9BGYUAMKY
85426,Thanmayaladenu,Shreya Ghoshal,Paramathma,2p3FNvGseslafm6buZrYiu
84253,Yenagali,Sonu Nigam,Mussanje Maatu,5jH0RHG9Ez1HMlKG5VDmSp
184520,Innunu Bekagide,Vasuki Vaibhav,Mundina Nildana,4ZtFzvRUy32TeWJz0dhjft
5264,Jilka Jilka,Indu Nagaraj,Pushpaka Vimana,5BpZLM2btLAtysuFktAHB6
25406,Sariyaagi,Armaan Malik,Mungaru Male 2,27rGRAvs3SEJ70ke4DRJtx
56281,Anisuthide,Sonu Nigam,Mungaru Male,2JyNaNTMSNQiMEP6Ov8tE0
45812,Mungaru Maleye,Sonu Nigam,Mungaru Male,1K7nWdrkvcPIAdYva1Flto
645217,Munjaane Manjalli,Raghu Dixit,Just Maath Maathalli,555NYWQ1PbmLJiTW6XFwtr
42150,Madhura Pisumaatige,Mohit Chauhan,Birugaali,0Laa88sAVEgn4EdGhmH3vr
694251,Ninnidale,Sonu Nigam,Milana,3KvDoaerZlCURvdqfnXN3R
54206,Ee Sanje Yakagide,Sonu Nigam,Geleya,30dqGIJ2ehDhTIKpuoqp8i
326014,Baanali Badalago,Sonu Nigam,Simpallaag Ond Love Story,2iAReo5L21EcuI5Uh4xsy3
25409,Adey Bhoomi Adey Bhanu,"Sonu Nigam, Shreya Ghoshal",Ee Bandhana,74GfemUCGHszmphlAjwQcr
25489,Nooru Janmaku,Rajesh Krishnan,America America,6etNaPZqqNox7y4sh0dmhj
598247,Saaluthillave,"Shreya Ghoshal, Vijay Prakash",Kotigobba 2,4w9zpNlsk4UrbdqRtEYICi
48712,Marali Manasaagide,Sanjith Hegde,Gentleman,5lsUqUobctETNlDBQpQphU
36528,Swathi Mutthina Male Haniye,"S. P. Balasubrahmanyam, S. Janaki",Bannada Gejje,3HMv2c0pxtcQ7MWtwdU67t
259745,Singara Siriye,Vijay Prakash,Kantara (Original Motion Picture Soundtrack),6J7whJ91XKvDnLWpa1Cqn2
35210,Ondu Malebillu,Armaan Malik,Chakravarthy,10TsE4PC5Z0g9sy64zs8JL
429051,Gaatiya Ilidu,Vijay Prakash,Ulidavaru Kandanthe,1c2UZQwq5jQIUQMWa6YvM2
389521,Neenaade Na ,Armaan Malik,Yuvarathnaa,2LFI7beuuO3cZUls7QWarg
369854,Nee Amrithadhare,"Harish Raghavendra, Supriya Acharya",Amrithadhare,449dJT1Uk2FFEe1ZOAtuU8
258420,Male Ninthu Hoda Mele (F),Shreya Ghoshal,Milana,6fU7UdAqECnXhLsHoSBFhE
